# Redirects from what the browser requests to what we serve

/past-sites /archives/ 301
/past-sites/ /archives/ 301

/blog/tenets-for-prosperity-part-1 /blog/tenets-for-prosperity-part-1/
/blog/tenets-for-prosperity-part-2 /blog/tenets-for-prosperity-part-2/
/blog/git-concepts-everyone-should-know /blog/git-concepts-everyone-should-know/
/blog/what-makes-a-timeless-logo /blog/what-makes-a-timeless-logo/
/blog/spacial-computing-for-the-web /blog/spacial-computing-for-the-web/
/blog/a-beginners-guide-to-digital-accessibility /blog/a-beginners-guide-to-digital-accessibility/
/blog/design-systems-that-people-love /blog/design-systems-that-people-love/
/blog/designers-who-code-what-is-it-good-for /blog/designers-who-code-what-is-it-good-for/
/blog/how-much-of-a-design-system-can-you-do-in-figma /blog/how-much-of-a-design-system-can-you-do-in-figma/
